[{"name":"Waterloo","localAuthority":"Lambeth","opened":"10 March 1906","zones":[1],"usageMillionsPerYear":100.36},{"name":"Acton Town","localAuthority":"Ealing","opened":"1 July 1879","zones":[3],"usageMillionsPerYear":6.27},{"name":"Aldgate","localAuthority":"City of London","opened":"18 November 1876","zones":[1],"usageMillionsPerYear":8.01},{"name":"Aldgate East","localAuthority":"Tower Hamlets","opened":"6 October 1884","zones":[1],"usageMillionsPerYear":13.43},{"name":"Alperton","localAuthority":"Brent","opened":"28 June 1903","zones":[4],"usageMillionsPerYear":3.17},{"name":"Amersham","localAuthority":"Chiltern","opened":"1 September 1892","zones":[9],"usageMillionsPerYear":2.36},{"name":"Angel","localAuthority":"Islington","opened":"17 November 1901","zones":[1],"usageMillionsPerYear":20.1},{"name":"Archway","localAuthority":"Islington","opened":"22 June 1907","zones":[2,3],"usageMillionsPerYear":9.94},{"name":"Arnos Grove","localAuthority":"Enfield","opened":"19 September 1932","zones":[4],"usageMillionsPerYear":4.65},{"name":"Arsenal","localAuthority":"Islington","opened":"15 December 1906","zones":[2],"usageMillionsPerYear":3.01},{"name":"Baker Street","localAuthority":"City of Westminster","opened":"10 January 1863","zones":[1],"usageMillionsPerYear":29.75},{"name":"Balham","localAuthority":"Wandsworth","opened":"06 December 1926","zones":[3],"usageMillionsPerYear":14.64},{"name":"Bank","localAuthority":"City of London","opened":"8 August 1898","zones":[1],"usageMillionsPerYear":64.26},{"name":"Barbican","localAuthority":"City of London","opened":"23 December 1865","zones":[1],"usageMillionsPerYear":11.97},{"name":"Barking","localAuthority":"Barking and Dagenham","opened":"02 June 1902","zones":[4],"usageMillionsPerYear":15.86},{"name":"Barkingside","localAuthority":"Redbridge","opened":"31 May 1948","zones":[4],"usageMillionsPerYear":1.63},{"name":"Barons Court","localAuthority":"Hammersmith and Fulham","opened":"09 October 1905","zones":[2],"usageMillionsPerYear":7.21},{"name":"Bayswater","localAuthority":"City of Westminster","opened":"1 October 1868","zones":[1],"usageMillionsPerYear":4.76},{"name":"Becontree","localAuthority":"Barking and Dagenham","opened":"18 July 1932","zones":[5],"usageMillionsPerYear":3.55},{"name":"Belsize Park","localAuthority":"Camden","opened":"22 June 1907","zones":[2],"usageMillionsPerYear":6.48},{"name":"Bermondsey","localAuthority":"Southwark","opened":"17 September 1999","zones":[2],"usageMillionsPerYear":11.07},{"name":"Bethnal Green","localAuthority":"Tower Hamlets","opened":"04 December 1946","zones":[2],"usageMillionsPerYear":16.27},{"name":"Blackfriars","localAuthority":"City of London","opened":"30 May 1870","zones":[1],"usageMillionsPerYear":15.45},{"name":"Blackhorse Road","localAuthority":"Waltham Forest","opened":"01 September 1968","zones":[3],"usageMillionsPerYear":8.45},{"name":"Bond Street","localAuthority":"City of Westminster","opened":"24 September 1900","zones":[1],"usageMillionsPerYear":39.53},{"name":"Borough","localAuthority":"Southwark","opened":"18 December 1890","zones":[1],"usageMillionsPerYear":5.87},{"name":"Boston Manor","localAuthority":"Ealing","opened":"1 May 1883","zones":[4],"usageMillionsPerYear":2.32},{"name":"Bounds Green","localAuthority":"Haringey","opened":"19 September 1932","zones":[3,4],"usageMillionsPerYear":6.62},{"name":"Bow Road","localAuthority":"Tower Hamlets","opened":"11 June 1902","zones":[2],"usageMillionsPerYear":5.65},{"name":"Brent Cross","localAuthority":"Barnet","opened":"19 November 1923","zones":[3],"usageMillionsPerYear":2.49},{"name":"Brixton","localAuthority":"Lambeth","opened":"23 July 1971","zones":[2],"usageMillionsPerYear":33.46},{"name":"Bromley-by-Bow","localAuthority":"Tower Hamlets","opened":"02 June 1902","zones":[2,3],"usageMillionsPerYear":3.79},{"name":"Buckhurst Hill","localAuthority":"Epping Forest","opened":"21 November 1948","zones":[5],"usageMillionsPerYear":2.19},{"name":"Burnt Oak","localAuthority":"Barnet","opened":"27 October 1924","zones":[4],"usageMillionsPerYear":4.52},{"name":"Caledonian Road","localAuthority":"Islington","opened":"15 December 1906","zones":[2],"usageMillionsPerYear":5.73},{"name":"Camden Town","localAuthority":"Camden","opened":"22 June 1907","zones":[2],"usageMillionsPerYear":22.88},{"name":"Canada Water","localAuthority":"Southwark","opened":"17 September 1999","zones":[2],"usageMillionsPerYear":14.44},{"name":"Canary Wharf","localAuthority":"Tower Hamlets","opened":"17 September 1999","zones":[2],"usageMillionsPerYear":54.79},{"name":"Canning Town","localAuthority":"Newham","opened":"14 May 1999","zones":[2,3],"usageMillionsPerYear":11.91},{"name":"Cannon Street","localAuthority":"City of London","opened":"6 October 1884","zones":[1],"usageMillionsPerYear":8.98},{"name":"Canons Park","localAuthority":"Harrow","opened":"10 December 1932","zones":[5],"usageMillionsPerYear":2.93},{"name":"Chalfont ~ Latimer","localAuthority":"Chiltern","opened":"8 July 1889","zones":[8],"usageMillionsPerYear":1.49},{"name":"Chalk Farm","localAuthority":"Camden","opened":"22 June 1907","zones":[2],"usageMillionsPerYear":5.61},{"name":"Chancery Lane","localAuthority":"City of London","opened":"30 July 1900","zones":[1],"usageMillionsPerYear":18.19},{"name":"Charing Cross","localAuthority":"City of Westminster","opened":"10 March 1906","zones":[1],"usageMillionsPerYear":8.13},{"name":"Chesham","localAuthority":"Chiltern","opened":"8 July 1889","zones":[9],"usageMillionsPerYear":1.07},{"name":"Chigwell","localAuthority":"Epping Forest","opened":"21 November 1948","zones":[4],"usageMillionsPerYear":0.53},{"name":"Chiswick Park","localAuthority":"Ealing","opened":"1 July 1879","zones":[3],"usageMillionsPerYear":2.29},{"name":"Chorleywood","localAuthority":"Three Rivers","opened":"8 July 1889","zones":[7],"usageMillionsPerYear":1.07},{"name":"Clapham Common","localAuthority":"Lambeth","opened":"03 June 1900","zones":[2],"usageMillionsPerYear":10.04},{"name":"Clapham North","localAuthority":"Lambeth","opened":"03 June 1900","zones":[2],"usageMillionsPerYear":6.9},{"name":"Clapham South","localAuthority":"Wandsworth","opened":"13 September 1926","zones":[2,3],"usageMillionsPerYear":8.8},{"name":"Cockfosters","localAuthority":"Enfield","opened":"31 July 1933","zones":[5],"usageMillionsPerYear":2.04},{"name":"Colindale","localAuthority":"Barnet","opened":"18 August 1924","zones":[4],"usageMillionsPerYear":6.23},{"name":"Colliers Wood","localAuthority":"Merton","opened":"13 September 1926","zones":[3],"usageMillionsPerYear":6.72},{"name":"Covent Garden","localAuthority":"City of Westminster","opened":"11 April 1907","zones":[1],"usageMillionsPerYear":17.19},{"name":"Croxley","localAuthority":"Three Rivers","opened":"02 November 1925","zones":[7],"usageMillionsPerYear":1.08},{"name":"Dagenham East","localAuthority":"Barking and Dagenham","opened":"02 June 1902","zones":[5],"usageMillionsPerYear":2.98},{"name":"Dagenham Heathway","localAuthority":"Barking and Dagenham","opened":"12 September 1932","zones":[5],"usageMillionsPerYear":6.04},{"name":"Debden","localAuthority":"Epping Forest","opened":"25 September 1949","zones":[6],"usageMillionsPerYear":2.47},{"name":"Dollis Hill","localAuthority":"Brent","opened":"01 October 1909","zones":[3],"usageMillionsPerYear":4.18},{"name":"Ealing Broadway","localAuthority":"Ealing","opened":"1 July 1879","zones":[3],"usageMillionsPerYear":18.6},{"name":"Ealing Common","localAuthority":"Ealing","opened":"1 July 1879","zones":[3],"usageMillionsPerYear":3.18},{"name":"Earl's Court","localAuthority":"Kensington and Chelsea","opened":"30 October 1871","zones":[1,2],"usageMillionsPerYear":20},{"name":"East Acton","localAuthority":"Hammersmith and Fulham","opened":"03 August 1920","zones":[2],"usageMillionsPerYear":4.12},{"name":"East Finchley","localAuthority":"Barnet","opened":"03 July 1939","zones":[3],"usageMillionsPerYear":7.47},{"name":"East Ham","localAuthority":"Newham","opened":"02 June 1902","zones":[3,4],"usageMillionsPerYear":14.75},{"name":"East Putney","localAuthority":"Wandsworth","opened":"3 June 1889","zones":[2,3],"usageMillionsPerYear":6.37},{"name":"Eastcote","localAuthority":"Hillingdon","opened":"26 May 1906","zones":[5],"usageMillionsPerYear":2.94},{"name":"Edgware","localAuthority":"Barnet","opened":"18 August 1924","zones":[5],"usageMillionsPerYear":5.19},{"name":"Edgware Road","localAuthority":"City of Westminster","opened":"1 October 1863","zones":[1],"usageMillionsPerYear":6.96},{"name":"Edgware Road","localAuthority":"City of Westminster","opened":"15 June 1907","zones":[1],"usageMillionsPerYear":5.01},{"name":"Elephant ~ Castle","localAuthority":"Southwark","opened":"18 December 1890","zones":[1,2],"usageMillionsPerYear":23.3},{"name":"Elm Park","localAuthority":"Havering","opened":"13 May 1935","zones":[6],"usageMillionsPerYear":3.1},{"name":"Embankment","localAuthority":"City of Westminster","opened":"30 May 1870","zones":[1],"usageMillionsPerYear":26.84},{"name":"Epping","localAuthority":"Epping Forest","opened":"25 September 1949","zones":[6],"usageMillionsPerYear":3.77},{"name":"Euston","localAuthority":"Camden","opened":"22 June 1907","zones":[1],"usageMillionsPerYear":43.1},{"name":"Euston Square","localAuthority":"Camden","opened":"10 January 1863","zones":[1],"usageMillionsPerYear":14.4},{"name":"Fairlop","localAuthority":"Redbridge","opened":"31 May 1948","zones":[4],"usageMillionsPerYear":1.2},{"name":"Farringdon","localAuthority":"Islington","opened":"10 January 1863","zones":[1],"usageMillionsPerYear":15.87},{"name":"Finchley Central","localAuthority":"Barnet","opened":"14 April 1940","zones":[4],"usageMillionsPerYear":6.95},{"name":"Finchley Road","localAuthority":"Camden","opened":"30 June 1879","zones":[2],"usageMillionsPerYear":10},{"name":"Finsbury Park","localAuthority":"Islington","opened":"15 December 1906","zones":[2],"usageMillionsPerYear":32.74},{"name":"Fulham Broadway","localAuthority":"Hammersmith and Fulham","opened":"1 March 1880","zones":[2],"usageMillionsPerYear":10.15},{"name":"Gants Hill","localAuthority":"Redbridge","opened":"14 December 1947","zones":[4],"usageMillionsPerYear":7.14},{"name":"Gloucester Road","localAuthority":"Kensington and Chelsea","opened":"1 October 1868","zones":[1],"usageMillionsPerYear":13.98},{"name":"Golders Green","localAuthority":"Barnet","opened":"22 June 1907","zones":[3],"usageMillionsPerYear":8.51},{"name":"Goldhawk Road","localAuthority":"Hammersmith and Fulham","opened":"01 April 1914","zones":[2],"usageMillionsPerYear":2.12},{"name":"Goodge Street","localAuthority":"Camden","opened":"22 June 1907","zones":[1],"usageMillionsPerYear":8.46},{"name":"Grange Hill","localAuthority":"Redbridge","opened":"21 November 1948","zones":[4],"usageMillionsPerYear":0.66},{"name":"Great Portland Street","localAuthority":"City of Westminster","opened":"10 January 1863","zones":[1],"usageMillionsPerYear":8.66},{"name":"Green Park","localAuthority":"City of Westminster","opened":"15 December 1906","zones":[1],"usageMillionsPerYear":41.24},{"name":"Greenford","localAuthority":"Ealing","opened":"30 June 1947","zones":[4],"usageMillionsPerYear":4.81},{"name":"Gunnersbury","localAuthority":"Hounslow","opened":"1 June 1877","zones":[3],"usageMillionsPerYear":5.78},{"name":"Hainault","localAuthority":"Redbridge","opened":"31 May 1948","zones":[4],"usageMillionsPerYear":3.74},{"name":"Hammersmith","localAuthority":"Hammersmith and Fulham","opened":"9 September 1874","zones":[2],"usageMillionsPerYear":29.42},{"name":"Hammersmith","localAuthority":"Hammersmith and Fulham","opened":"13 June 1864","zones":[2],"usageMillionsPerYear":10.57},{"name":"Hampstead","localAuthority":"Camden","opened":"22 June 1907","zones":[2,3],"usageMillionsPerYear":4.64},{"name":"Hanger Lane","localAuthority":"Ealing","opened":"30 June 1947","zones":[3],"usageMillionsPerYear":4.1},{"name":"Harlesden","localAuthority":"Brent","opened":"16 April 1917","zones":[3],"usageMillionsPerYear":3.1},{"name":"Harrow ~ Wealdstone","localAuthority":"Harrow","opened":"16 April 1917","zones":[5],"usageMillionsPerYear":4.96},{"name":"Harrow-on-the-Hill","localAuthority":"Harrow","opened":"2 August 1880","zones":[5],"usageMillionsPerYear":10.67},{"name":"Hatton Cross","localAuthority":"Hillingdon","opened":"19 July 1975","zones":[5,6],"usageMillionsPerYear":3.25},{"name":"Heathrow Terminal 4","localAuthority":"Hillingdon","opened":"12 April 1986","zones":[6],"usageMillionsPerYear":2.28},{"name":"Heathrow Terminal 5","localAuthority":"Hillingdon","opened":"27 March 2008","zones":[6],"usageMillionsPerYear":4.45},{"name":"Heathrow Terminals 2 ~ 3","localAuthority":"Hillingdon","opened":"16 December 1977","zones":[6],"usageMillionsPerYear":7.73},{"name":"Hendon Central","localAuthority":"Barnet","opened":"19 November 1923","zones":[3,4],"usageMillionsPerYear":8.13},{"name":"High Barnet","localAuthority":"Barnet","opened":"14 April 1940","zones":[5],"usageMillionsPerYear":3.65},{"name":"High Street Kensington","localAuthority":"Kensington and Chelsea","opened":"1 October 1868","zones":[1],"usageMillionsPerYear":13.1},{"name":"Highbury ~ Islington","localAuthority":"Islington","opened":"01 September 1968","zones":[2],"usageMillionsPerYear":20.22},{"name":"Highgate","localAuthority":"Haringey","opened":"19 January 1941","zones":[3],"usageMillionsPerYear":5.77},{"name":"Hillingdon","localAuthority":"Hillingdon","opened":"10 December 1923","zones":[6],"usageMillionsPerYear":1.77},{"name":"Holborn","localAuthority":"Camden","opened":"15 December 1906","zones":[1],"usageMillionsPerYear":33.96},{"name":"Holland Park","localAuthority":"Kensington and Chelsea","opened":"30 July 1900","zones":[2],"usageMillionsPerYear":3.23},{"name":"Holloway Road","localAuthority":"Islington","opened":"15 December 1906","zones":[2],"usageMillionsPerYear":6.72},{"name":"Hornchurch","localAuthority":"Havering","opened":"02 June 1902","zones":[6],"usageMillionsPerYear":2.11},{"name":"Hounslow Central","localAuthority":"Hounslow","opened":"1 April 1886","zones":[4],"usageMillionsPerYear":3.83},{"name":"Hounslow East","localAuthority":"Hounslow","opened":"02 May 1909","zones":[4],"usageMillionsPerYear":3.87},{"name":"Hounslow West","localAuthority":"Hounslow","opened":"21 July 1884","zones":[5],"usageMillionsPerYear":3.55},{"name":"Hyde Park Corner","localAuthority":"City of Westminster","opened":"15 December 1906","zones":[1],"usageMillionsPerYear":6.31},{"name":"Ickenham","localAuthority":"Hillingdon","opened":"25 September 1905","zones":[6],"usageMillionsPerYear":1.17},{"name":"Kennington","localAuthority":"Southwark","opened":"18 December 1890","zones":[2],"usageMillionsPerYear":5.59},{"name":"Kensal Green","localAuthority":"Brent","opened":"01 October 1916","zones":[2],"usageMillionsPerYear":2.72},{"name":"Kensington (Olympia)","localAuthority":"Kensington and Chelsea","opened":"1 July 1864","zones":[2],"usageMillionsPerYear":2.05},{"name":"Kentish Town","localAuthority":"Camden","opened":"22 June 1907","zones":[2],"usageMillionsPerYear":8.36},{"name":"Kenton","localAuthority":"Brent","opened":"16 April 1917","zones":[4],"usageMillionsPerYear":2.08},{"name":"Kew Gardens","localAuthority":"Richmond","opened":"1 June 1877","zones":[3,4],"usageMillionsPerYear":4.18},{"name":"Kilburn","localAuthority":"Brent","opened":"24 November 1879","zones":[2],"usageMillionsPerYear":8.58},{"name":"Kilburn Park","localAuthority":"Brent","opened":"31 January 1915","zones":[2],"usageMillionsPerYear":3.43},{"name":"King's Cross St. Pancras","localAuthority":"Camden","opened":"10 January 1863","zones":[1],"usageMillionsPerYear":95.03},{"name":"Kingsbury","localAuthority":"Brent","opened":"10 December 1932","zones":[4],"usageMillionsPerYear":5.12},{"name":"Knightsbridge","localAuthority":"Kensington and Chelsea","opened":"15 December 1906","zones":[1],"usageMillionsPerYear":19.09},{"name":"Ladbroke Grove","localAuthority":"Kensington and Chelsea","opened":"13 June 1864","zones":[2],"usageMillionsPerYear":5.8},{"name":"Lambeth North","localAuthority":"Lambeth","opened":"10 March 1906","zones":[1],"usageMillionsPerYear":0},{"name":"Lancaster Gate","localAuthority":"City of Westminster","opened":"30 July 1900","zones":[1],"usageMillionsPerYear":7.06},{"name":"Latimer Road","localAuthority":"Kensington and Chelsea","opened":"16 December 1868","zones":[2],"usageMillionsPerYear":7.06},{"name":"Leicester Square","localAuthority":"City of Westminster","opened":"15 December 1906","zones":[1],"usageMillionsPerYear":37.84},{"name":"Leyton","localAuthority":"Waltham Forest","opened":"05 May 1947","zones":[3],"usageMillionsPerYear":14.33},{"name":"Leytonstone","localAuthority":"Waltham Forest","opened":"05 May 1947","zones":[3,4],"usageMillionsPerYear":11.3},{"name":"Liverpool Street","localAuthority":"City of London","opened":"1 February 1875","zones":[1],"usageMillionsPerYear":71.61},{"name":"London Bridge","localAuthority":"Southwark","opened":"25 February 1900","zones":[1],"usageMillionsPerYear":70.74},{"name":"Loughton","localAuthority":"Epping Forest","opened":"21 November 1948","zones":[6],"usageMillionsPerYear":3.45},{"name":"Maida Vale","localAuthority":"City of Westminster","opened":"06 June 1915","zones":[2],"usageMillionsPerYear":3.41},{"name":"Manor House","localAuthority":"Hackney","opened":"19 September 1932","zones":[2,3],"usageMillionsPerYear":9.12},{"name":"Mansion House","localAuthority":"City of London","opened":"3 July 1871","zones":[1],"usageMillionsPerYear":6.14},{"name":"Marble Arch","localAuthority":"City of Westminster","opened":"30 July 1900","zones":[1],"usageMillionsPerYear":14.11},{"name":"Marylebone","localAuthority":"City of Westminster","opened":"27 March 1907","zones":[1],"usageMillionsPerYear":12.95},{"name":"Mile End","localAuthority":"Tower Hamlets","opened":"02 June 1902","zones":[2],"usageMillionsPerYear":15.75},{"name":"Mill Hill East","localAuthority":"Barnet","opened":"18 May 1941","zones":[4],"usageMillionsPerYear":1.34},{"name":"Monument","localAuthority":"City of London","opened":"6 October 1884","zones":[1],"usageMillionsPerYear":64.26},{"name":"Moor Park","localAuthority":"Three Rivers","opened":"09 May 1910","zones":[6,7],"usageMillionsPerYear":0.91},{"name":"Moorgate","localAuthority":"City of London","opened":"23 December 1865","zones":[1],"usageMillionsPerYear":27.57},{"name":"Morden","localAuthority":"Merton","opened":"13 September 1926","zones":[4],"usageMillionsPerYear":10.06},{"name":"Mornington Crescent","localAuthority":"Camden","opened":"22 June 1907","zones":[2],"usageMillionsPerYear":5.04},{"name":"Neasden","localAuthority":"Brent","opened":"2 August 1880","zones":[3],"usageMillionsPerYear":3.75},{"name":"Newbury Park","localAuthority":"Redbridge","opened":"14 December 1947","zones":[4],"usageMillionsPerYear":5.43},{"name":"North Acton","localAuthority":"Ealing","opened":"05 November 1923","zones":[2,3],"usageMillionsPerYear":6.53},{"name":"North Ealing","localAuthority":"Ealing","opened":"23 June 1903","zones":[3],"usageMillionsPerYear":0.91},{"name":"North Greenwich","localAuthority":"Greenwich","opened":"14 May 1999","zones":[2,3],"usageMillionsPerYear":26.45},{"name":"North Harrow","localAuthority":"Harrow","opened":"22 March 1915","zones":[5],"usageMillionsPerYear":1.97},{"name":"North Wembley","localAuthority":"Brent","opened":"16 April 1917","zones":[4],"usageMillionsPerYear":1.79},{"name":"Northfields","localAuthority":"Ealing","opened":"16 April 1908","zones":[3],"usageMillionsPerYear":3.91},{"name":"Northolt","localAuthority":"Ealing","opened":"21 November 1948","zones":[5],"usageMillionsPerYear":5.16},{"name":"Northwick Park","localAuthority":"Brent","opened":"28 June 1923","zones":[4],"usageMillionsPerYear":4.65},{"name":"Northwood","localAuthority":"Hillingdon","opened":"1 September 1887","zones":[6],"usageMillionsPerYear":2.49},{"name":"Northwood Hills","localAuthority":"Hillingdon","opened":"13 November 1933","zones":[6],"usageMillionsPerYear":1.91},{"name":"Notting Hill Gate","localAuthority":"Kensington and Chelsea","opened":"1 October 1868","zones":[1,2],"usageMillionsPerYear":17.18},{"name":"Oakwood","localAuthority":"Enfield","opened":"13 March 1933","zones":[5],"usageMillionsPerYear":2.88},{"name":"Old Street","localAuthority":"Islington","opened":"17 November 1901","zones":[1],"usageMillionsPerYear":25.97},{"name":"Osterley","localAuthority":"Hounslow","opened":"1 May 1883","zones":[4],"usageMillionsPerYear":2.32},{"name":"Oval","localAuthority":"Lambeth","opened":"18 December 1890","zones":[2],"usageMillionsPerYear":6.45},{"name":"Oxford Circus","localAuthority":"City of Westminster","opened":"30 July 1900","zones":[1],"usageMillionsPerYear":83.26},{"name":"Paddington","localAuthority":"City of Westminster","opened":"1 October 1868","zones":[1],"usageMillionsPerYear":49.48},{"name":"Paddington","localAuthority":"City of Westminster","opened":"10 January 1863","zones":[1],"usageMillionsPerYear":49.48},{"name":"Park Royal","localAuthority":"Ealing","opened":"23 June 1903","zones":[3],"usageMillionsPerYear":2.02},{"name":"Parsons Green","localAuthority":"Hammersmith and Fulham","opened":"1 March 1880","zones":[2],"usageMillionsPerYear":6.75},{"name":"Perivale","localAuthority":"Ealing","opened":"30 June 1947","zones":[4],"usageMillionsPerYear":2.46},{"name":"Piccadilly Circus","localAuthority":"City of Westminster","opened":"10 March 1906","zones":[1],"usageMillionsPerYear":41.29},{"name":"Pimlico","localAuthority":"City of Westminster","opened":"14 September 1972","zones":[1],"usageMillionsPerYear":11.49},{"name":"Pinner","localAuthority":"Harrow","opened":"25 May 1885","zones":[5],"usageMillionsPerYear":3.2},{"name":"Plaistow","localAuthority":"Newham","opened":"02 June 1902","zones":[3],"usageMillionsPerYear":5.49},{"name":"Preston Road","localAuthority":"Brent","opened":"21 May 1908","zones":[4],"usageMillionsPerYear":3.31},{"name":"Putney Bridge","localAuthority":"Hammersmith and Fulham","opened":"1 March 1880","zones":[2],"usageMillionsPerYear":5.42},{"name":"Queen's Park","localAuthority":"Brent","opened":"11 February 1915","zones":[2],"usageMillionsPerYear":5.64},{"name":"Queensbury","localAuthority":"Brent","opened":"16 December 1934","zones":[4],"usageMillionsPerYear":4.68},{"name":"Queensway","localAuthority":"City of Westminster","opened":"30 July 1900","zones":[1],"usageMillionsPerYear":8.71},{"name":"Ravenscourt Park","localAuthority":"Hammersmith and Fulham","opened":"1 June 1877","zones":[2],"usageMillionsPerYear":3.18},{"name":"Rayners Lane","localAuthority":"Harrow","opened":"26 May 1906","zones":[5],"usageMillionsPerYear":4.46},{"name":"Redbridge","localAuthority":"Redbridge","opened":"14 December 1947","zones":[4],"usageMillionsPerYear":3.05},{"name":"Regent's Park","localAuthority":"City of Westminster","opened":"10 March 1906","zones":[1],"usageMillionsPerYear":3.35},{"name":"Richmond","localAuthority":"Richmond","opened":"1 June 1877","zones":[4],"usageMillionsPerYear":8.11},{"name":"Rickmansworth","localAuthority":"Three Rivers","opened":"1 September 1887","zones":[7],"usageMillionsPerYear":2.46},{"name":"Roding Valley","localAuthority":"Epping Forest","opened":"21 November 1948","zones":[4],"usageMillionsPerYear":0.37},{"name":"Royal Oak","localAuthority":"City of Westminster","opened":"30 October 1871","zones":[2],"usageMillionsPerYear":2.55},{"name":"Ruislip","localAuthority":"Hillingdon","opened":"04 July 1904","zones":[6],"usageMillionsPerYear":1.95},{"name":"Ruislip Gardens","localAuthority":"Hillingdon","opened":"29 November 1948","zones":[5],"usageMillionsPerYear":1.07},{"name":"Ruislip Manor","localAuthority":"Hillingdon","opened":"05 August 1912","zones":[6],"usageMillionsPerYear":1.99},{"name":"Russell Square","localAuthority":"Camden","opened":"15 December 1906","zones":[1],"usageMillionsPerYear":12.35},{"name":"Seven Sisters","localAuthority":"Haringey","opened":"01 September 1968","zones":[3],"usageMillionsPerYear":18.61},{"name":"Shepherd's Bush","localAuthority":"Hammersmith and Fulham","opened":"30 July 1900","zones":[2],"usageMillionsPerYear":22.85},{"name":"Shepherd's Bush Market","localAuthority":"Hammersmith and Fulham","opened":"13 June 1864","zones":[2],"usageMillionsPerYear":3.57},{"name":"Sloane Square","localAuthority":"Kensington and Chelsea","opened":"24 December 1868","zones":[1],"usageMillionsPerYear":17.15},{"name":"Snaresbrook","localAuthority":"Redbridge","opened":"14 December 1947","zones":[4],"usageMillionsPerYear":2.69},{"name":"South Ealing","localAuthority":"Ealing","opened":"1 May 1883","zones":[3],"usageMillionsPerYear":3.62},{"name":"South Harrow","localAuthority":"Harrow","opened":"28 June 1903","zones":[5],"usageMillionsPerYear":2.48},{"name":"South Kensington","localAuthority":"Kensington and Chelsea","opened":"24 December 1868","zones":[1],"usageMillionsPerYear":33.6},{"name":"South Kenton","localAuthority":"Brent","opened":"03 July 1933","zones":[4],"usageMillionsPerYear":1.17},{"name":"South Ruislip","localAuthority":"Hillingdon","opened":"23 November 1948","zones":[5],"usageMillionsPerYear":1.76},{"name":"South Wimbledon","localAuthority":"Merton","opened":"13 September 1926","zones":[3,4],"usageMillionsPerYear":4.76},{"name":"South Woodford","localAuthority":"Redbridge","opened":"14 December 1947","zones":[4],"usageMillionsPerYear":5.25},{"name":"Southfields","localAuthority":"Wandsworth","opened":"3 June 1889","zones":[3],"usageMillionsPerYear":6.28},{"name":"Southgate","localAuthority":"Enfield","opened":"13 March 1933","zones":[4],"usageMillionsPerYear":5.65},{"name":"Southwark","localAuthority":"Southwark","opened":"24 September 1999","zones":[1],"usageMillionsPerYear":17.86},{"name":"St. James's Park","localAuthority":"City of Westminster","opened":"24 December 1868","zones":[1],"usageMillionsPerYear":14.93},{"name":"St. John's Wood","localAuthority":"City of Westminster","opened":"20 November 1939","zones":[2],"usageMillionsPerYear":7.79},{"name":"St. Paul's","localAuthority":"City of London","opened":"30 July 1900","zones":[1],"usageMillionsPerYear":18.42},{"name":"Stamford Brook","localAuthority":"Hammersmith and Fulham","opened":"01 February 1912","zones":[2],"usageMillionsPerYear":2.7},{"name":"Stanmore","localAuthority":"Harrow","opened":"10 December 1932","zones":[5],"usageMillionsPerYear":4.04},{"name":"Stepney Green","localAuthority":"Tower Hamlets","opened":"23 June 1902","zones":[2],"usageMillionsPerYear":6.41},{"name":"Stockwell","localAuthority":"Lambeth","opened":"18 December 1890","zones":[2],"usageMillionsPerYear":11.42},{"name":"Stonebridge Park","localAuthority":"Brent","opened":"16 April 1917","zones":[3],"usageMillionsPerYear":2.53},{"name":"Stratford","localAuthority":"Newham","opened":"04 December 1946","zones":[2,3],"usageMillionsPerYear":67.05},{"name":"Sudbury Hill","localAuthority":"Ealing","opened":"28 June 1903","zones":[4],"usageMillionsPerYear":1.98},{"name":"Sudbury Town","localAuthority":"Brent","opened":"28 June 1903","zones":[4],"usageMillionsPerYear":2},{"name":"Swiss Cottage","localAuthority":"Camden","opened":"20 November 1939","zones":[2],"usageMillionsPerYear":7.58},{"name":"Temple","localAuthority":"City of Westminster","opened":"30 May 1870","zones":[1],"usageMillionsPerYear":8.22},{"name":"Theydon Bois","localAuthority":"Epping Forest","opened":"25 September 1949","zones":[6],"usageMillionsPerYear":0.85},{"name":"Tooting Bec","localAuthority":"Wandsworth","opened":"13 September 1926","zones":[3],"usageMillionsPerYear":7.92},{"name":"Tooting Broadway","localAuthority":"Wandsworth","opened":"13 September 1926","zones":[3],"usageMillionsPerYear":15.92},{"name":"Tottenham Court Road","localAuthority":"City of Westminster","opened":"30 July 1900","zones":[1],"usageMillionsPerYear":39.35},{"name":"Tottenham Hale","localAuthority":"Haringey","opened":"01 September 1968","zones":[3],"usageMillionsPerYear":13.21},{"name":"Totteridge ~ Whetstone","localAuthority":"Barnet","opened":"14 April 1940","zones":[4],"usageMillionsPerYear":2.23},{"name":"Tower Hill","localAuthority":"Tower Hamlets","opened":"25 September 1882","zones":[1],"usageMillionsPerYear":21.83},{"name":"Tufnell Park","localAuthority":"Islington","opened":"22 June 1907","zones":[2],"usageMillionsPerYear":3.71},{"name":"Turnham Green","localAuthority":"Hounslow","opened":"1 June 1877","zones":[2,3],"usageMillionsPerYear":5.65},{"name":"Turnpike Lane","localAuthority":"Haringey","opened":"19 September 1932","zones":[3],"usageMillionsPerYear":10.86},{"name":"Upminster","localAuthority":"Havering","opened":"02 June 1902","zones":[6],"usageMillionsPerYear":5.34},{"name":"Upminster Bridge","localAuthority":"Havering","opened":"17 December 1934","zones":[6],"usageMillionsPerYear":1.16},{"name":"Upney","localAuthority":"Barking and Dagenham","opened":"12 September 1932","zones":[4],"usageMillionsPerYear":2.72},{"name":"Upton Park","localAuthority":"Newham","opened":"02 June 1902","zones":[3],"usageMillionsPerYear":10.14},{"name":"Uxbridge","localAuthority":"Hillingdon","opened":"04 July 1904","zones":[6],"usageMillionsPerYear":8.45},{"name":"Vauxhall","localAuthority":"Lambeth","opened":"23 July 1971","zones":[1,2],"usageMillionsPerYear":32.23},{"name":"Victoria","localAuthority":"City of Westminster","opened":"24 December 1868","zones":[1],"usageMillionsPerYear":83.5},{"name":"Walthamstow Central","localAuthority":"Waltham Forest","opened":"01 September 1968","zones":[3],"usageMillionsPerYear":22.77},{"name":"Wanstead","localAuthority":"Redbridge","opened":"14 December 1947","zones":[4],"usageMillionsPerYear":2.96},{"name":"Warren Street","localAuthority":"Camden","opened":"22 June 1907","zones":[1],"usageMillionsPerYear":20.35},{"name":"Warwick Avenue","localAuthority":"City of Westminster","opened":"31 January 1915","zones":[2],"usageMillionsPerYear":4.51},{"name":"Watford","localAuthority":"Watford","opened":"02 November 1925","zones":[7],"usageMillionsPerYear":1.84},{"name":"Wembley Central","localAuthority":"Brent","opened":"16 April 1917","zones":[4],"usageMillionsPerYear":5.77},{"name":"Wembley Park","localAuthority":"Brent","opened":"12 May 1894","zones":[4],"usageMillionsPerYear":15.1},{"name":"West Acton","localAuthority":"Ealing","opened":"05 November 1923","zones":[3],"usageMillionsPerYear":1.82},{"name":"West Brompton","localAuthority":"Kensington and Chelsea","opened":"12 April 1869","zones":[2],"usageMillionsPerYear":6.1},{"name":"West Finchley","localAuthority":"Barnet","opened":"14 April 1940","zones":[4],"usageMillionsPerYear":1.67},{"name":"West Ham","localAuthority":"Newham","opened":"02 June 1902","zones":[2,3],"usageMillionsPerYear":3.46},{"name":"West Hampstead","localAuthority":"Camden","opened":"30 June 1879","zones":[2],"usageMillionsPerYear":11.04},{"name":"West Harrow","localAuthority":"Harrow","opened":"17 November 1913","zones":[5],"usageMillionsPerYear":1.49},{"name":"West Kensington","localAuthority":"Hammersmith and Fulham","opened":"9 September 1874","zones":[2],"usageMillionsPerYear":5.06},{"name":"West Ruislip","localAuthority":"Hillingdon","opened":"21 November 1948","zones":[6],"usageMillionsPerYear":1.67},{"name":"Westbourne Park","localAuthority":"City of Westminster","opened":"1 February 1866","zones":[2],"usageMillionsPerYear":3.98},{"name":"Westminster","localAuthority":"City of Westminster","opened":"24 December 1868","zones":[1],"usageMillionsPerYear":28.38},{"name":"White City","localAuthority":"Hammersmith and Fulham","opened":"23 November 1947","zones":[2],"usageMillionsPerYear":8.95},{"name":"Whitechapel","localAuthority":"Tower Hamlets","opened":"1 October 1884","zones":[2],"usageMillionsPerYear":14.37},{"name":"Willesden Green","localAuthority":"Brent","opened":"24 November 1879","zones":[2,3],"usageMillionsPerYear":8.97},{"name":"Willesden Junction","localAuthority":"Brent","opened":"10 May 1915","zones":[2,3],"usageMillionsPerYear":4.73},{"name":"Wimbledon","localAuthority":"Merton","opened":"3 June 1889","zones":[3],"usageMillionsPerYear":13.4},{"name":"Wimbledon Park","localAuthority":"Merton","opened":"3 June 1889","zones":[3],"usageMillionsPerYear":1.89},{"name":"Wood Green","localAuthority":"Haringey","opened":"19 September 1932","zones":[3],"usageMillionsPerYear":13.2},{"name":"Wood Lane","localAuthority":"Hammersmith and Fulham","opened":"12 October 2008","zones":[2],"usageMillionsPerYear":3.68},{"name":"Woodford","localAuthority":"Redbridge","opened":"14 December 1947","zones":[4],"usageMillionsPerYear":5.69},{"name":"Woodside Park","localAuthority":"Barnet","opened":"12 April 1940","zones":[4],"usageMillionsPerYear":2.87}]