[{"name":"Waterloo","localAuthority":"Lambeth","opened":"10 March 1906","zones":[1],"usageMillionsPerYear":100.36},{"name":"Bermondsey","localAuthority":"Southwark","opened":"17 September 1999","zones":[2],"usageMillionsPerYear":11.07},{"name":"Bond Street","localAuthority":"City of Westminster","opened":"24 September 1900","zones":[1],"usageMillionsPerYear":39.53},{"name":"Canada Water","localAuthority":"Southwark","opened":"17 September 1999","zones":[2],"usageMillionsPerYear":14.44},{"name":"Canary Wharf","localAuthority":"Tower Hamlets","opened":"17 September 1999","zones":[2],"usageMillionsPerYear":54.79},{"name":"East Acton","localAuthority":"Hammersmith and Fulham","opened":"03 August 1920","zones":[2],"usageMillionsPerYear":4.12},{"name":"Green Park","localAuthority":"City of Westminster","opened":"15 December 1906","zones":[1],"usageMillionsPerYear":41.24},{"name":"Greenford","localAuthority":"Ealing","opened":"30 June 1947","zones":[4],"usageMillionsPerYear":4.81},{"name":"Hanger Lane","localAuthority":"Ealing","opened":"30 June 1947","zones":[3],"usageMillionsPerYear":4.1},{"name":"Holland Park","localAuthority":"Kensington and Chelsea","opened":"30 July 1900","zones":[2],"usageMillionsPerYear":3.23},{"name":"Lancaster Gate","localAuthority":"City of Westminster","opened":"30 July 1900","zones":[1],"usageMillionsPerYear":7.06},{"name":"London Bridge","localAuthority":"Southwark","opened":"25 February 1900","zones":[1],"usageMillionsPerYear":70.74},{"name":"Marble Arch","localAuthority":"City of Westminster","opened":"30 July 1900","zones":[1],"usageMillionsPerYear":14.11},{"name":"North Acton","localAuthority":"Ealing","opened":"05 November 1923","zones":[2,3],"usageMillionsPerYear":6.53},{"name":"North Greenwich","localAuthority":"Greenwich","opened":"14 May 1999","zones":[2,3],"usageMillionsPerYear":26.45},{"name":"Northolt","localAuthority":"Ealing","opened":"21 November 1948","zones":[5],"usageMillionsPerYear":5.16},{"name":"Notting Hill Gate","localAuthority":"Kensington and Chelsea","opened":"1 October 1868","zones":[1,2],"usageMillionsPerYear":17.18},{"name":"Perivale","localAuthority":"Ealing","opened":"30 June 1947","zones":[4],"usageMillionsPerYear":2.46},{"name":"Queensway","localAuthority":"City of Westminster","opened":"30 July 1900","zones":[1],"usageMillionsPerYear":8.71},{"name":"Shepherd's Bush","localAuthority":"Hammersmith and Fulham","opened":"30 July 1900","zones":[2],"usageMillionsPerYear":22.85},{"name":"Southwark","localAuthority":"Southwark","opened":"24 September 1999","zones":[1],"usageMillionsPerYear":17.86},{"name":"Westminster","localAuthority":"City of Westminster","opened":"24 December 1868","zones":[1],"usageMillionsPerYear":28.38},{"name":"White City","localAuthority":"Hammersmith and Fulham","opened":"23 November 1947","zones":[2],"usageMillionsPerYear":8.95}]