[{"name":"Acton Town","groundLevel":21,"stationLines":[{"name":"District","northOrEastbound":15.5,"southOrWestbound":15.5},{"name":"Piccadilly","northOrEastbound":15.5,"southOrWestbound":15.5}]},{"name":"Aldgate ","groundLevel":16,"stationLines":[{"name":"Metropolitan","northOrEastbound":8.799999999999997,"southOrWestbound":8.799999999999997}]},{"name":"Aldgate East ","groundLevel":14,"stationLines":[{"name":"District","northOrEastbound":5,"southOrWestbound":5}]},{"name":"Alperton ","groundLevel":33,"stationLines":[{"name":"Piccadilly","northOrEastbound":39.80000000000001,"southOrWestbound":39.80000000000001}]},{"name":"Amersham ","groundLevel":145,"stationLines":[{"name":"Metropolitan","northOrEastbound":149.3,"southOrWestbound":149.3}]},{"name":"Angel ","groundLevel":34,"stationLines":[{"name":"Northern","northOrEastbound":-1.5999999999999943,"southOrWestbound":-1.5999999999999943}]},{"name":"Archway ","groundLevel":56,"stationLines":[{"name":"Northern","northOrEastbound":34.900000000000006,"southOrWestbound":34.599999999999994}]},{"name":"Arnos Grove ","groundLevel":43,"stationLines":[{"name":"Piccadilly","northOrEastbound":37.599999999999994,"southOrWestbound":37.599999999999994}]},{"name":"Arsenal ","groundLevel":25,"stationLines":[{"name":"Piccadilly","northOrEastbound":16.799999999999997,"southOrWestbound":16.799999999999997}]},{"name":"Baker Street ","groundLevel":27,"stationLines":[{"name":"Bakerloo","northOrEastbound":8.299999999999997,"southOrWestbound":5.099999999999994},{"name":"Hammersmith & City","northOrEastbound":18.799999999999997,"southOrWestbound":18.900000000000006},{"name":"Jubilee","northOrEastbound":4.299999999999997,"southOrWestbound":7.400000000000006},{"name":"Metropolitan","northOrEastbound":20.5,"southOrWestbound":20.5}]},{"name":"Balham ","groundLevel":26,"stationLines":[{"name":"Northern","northOrEastbound":12.599999999999994,"southOrWestbound":12.599999999999994}]},{"name":"Bank ","groundLevel":14,"stationLines":[{"name":"Central","northOrEastbound":-6.5,"southOrWestbound":-6.5},{"name":"Northern","northOrEastbound":-15.599999999999994,"southOrWestbound":-15.599999999999994},{"name":"Waterloo & City","northOrEastbound":-6,"southOrWestbound":-6}]},{"name":"Barbican ","groundLevel":18,"stationLines":[{"name":"Metropolitan","northOrEastbound":9.400000000000006,"southOrWestbound":9.400000000000006}]},{"name":"Barking ","groundLevel":9,"stationLines":[{"name":"District","northOrEastbound":6.400000000000006,"southOrWestbound":6.400000000000006}]},{"name":"Barkingside ","groundLevel":25,"stationLines":[{"name":"Central","northOrEastbound":25.5,"southOrWestbound":25.5}]},{"name":"Barons Court ","groundLevel":4.6,"stationLines":[{"name":"District","northOrEastbound":1.9000000000000057,"southOrWestbound":1.9000000000000057},{"name":"Piccadilly","northOrEastbound":2.0999999999999943,"southOrWestbound":2.299999999999997}]},{"name":"Bayswater ","groundLevel":25,"stationLines":[{"name":"District","northOrEastbound":18,"southOrWestbound":18}]},{"name":"Becontree ","groundLevel":11,"stationLines":[{"name":"District","northOrEastbound":6.099999999999994,"southOrWestbound":6.099999999999994}]},{"name":"Belsize Park ","groundLevel":68,"stationLines":[{"name":"Northern","northOrEastbound":32,"southOrWestbound":32.80000000000001}]},{"name":"Bermondsey ","groundLevel":2,"stationLines":[{"name":"Jubilee","northOrEastbound":-12.5,"southOrWestbound":-12.5}]},{"name":"Bethnal Green ","groundLevel":14,"stationLines":[{"name":"Central","northOrEastbound":-2,"southOrWestbound":-2}]},{"name":"Blackfriars ","groundLevel":8,"stationLines":[{"name":"District","northOrEastbound":0.7000000000000028,"southOrWestbound":0.7000000000000028}]},{"name":"Blackhorse Road ","groundLevel":12,"stationLines":[{"name":"Victoria","northOrEastbound":-3.5,"southOrWestbound":-3.5999999999999943}]},{"name":"Bond Street ","groundLevel":22,"stationLines":[{"name":"Central","northOrEastbound":1,"southOrWestbound":1},{"name":"Jubilee","northOrEastbound":-9,"southOrWestbound":-9}]},{"name":"Borough ","groundLevel":4,"stationLines":[{"name":"Northern","northOrEastbound":-12.099999999999994,"southOrWestbound":-14.799999999999997}]},{"name":"Boston Manor ","groundLevel":25,"stationLines":[{"name":"Piccadilly","northOrEastbound":19.400000000000006,"southOrWestbound":19.400000000000006}]},{"name":"Bounds Green ","groundLevel":47,"stationLines":[{"name":"Piccadilly","northOrEastbound":30.80000000000001,"southOrWestbound":30.80000000000001}]},{"name":"Bow Road ","groundLevel":12,"stationLines":[{"name":"District","northOrEastbound":6.799999999999997,"southOrWestbound":6.799999999999997}]},{"name":"Brent Cross ","groundLevel":48,"stationLines":[{"name":"Northern","northOrEastbound":51.900000000000006,"southOrWestbound":51.900000000000006}]},{"name":"Brixton ","groundLevel":14,"stationLines":[{"name":"Victoria","northOrEastbound":-5.200000000000003,"southOrWestbound":-5.200000000000003}]},{"name":"Bromley By Bow ","groundLevel":15,"stationLines":[{"name":"District","northOrEastbound":12.200000000000003,"southOrWestbound":12.200000000000003}]},{"name":"Buckhurst Hill ","groundLevel":40,"stationLines":[{"name":"Central","northOrEastbound":34.900000000000006,"southOrWestbound":34.900000000000006}]},{"name":"Burnt Oak ","groundLevel":51,"stationLines":[{"name":"Northern","northOrEastbound":47,"southOrWestbound":47}]},{"name":"Caledonian Road ","groundLevel":36,"stationLines":[{"name":"Piccadilly","northOrEastbound":12.900000000000006,"southOrWestbound":12.900000000000006}]},{"name":"Camden Town City Branch","groundLevel":27,"stationLines":[{"name":"Northern","northOrEastbound":11.799999999999997,"southOrWestbound":8.400000000000006}]},{"name":"Camden Town Charing X Branch","groundLevel":27,"stationLines":[{"name":"Northern","northOrEastbound":11.799999999999997,"southOrWestbound":9.299999999999997}]},{"name":"Canada Water ","groundLevel":5,"stationLines":[{"name":"Jubilee","northOrEastbound":-13.299999999999997,"southOrWestbound":-13.299999999999997}]},{"name":"Canary Wharf ","groundLevel":3,"stationLines":[{"name":"Jubilee","northOrEastbound":-15.599999999999994,"southOrWestbound":-15.599999999999994}]},{"name":"Canning Town ","groundLevel":2,"stationLines":[]},{"name":"Cannon Street ","groundLevel":11,"stationLines":[{"name":"District","northOrEastbound":4.400000000000006,"southOrWestbound":4.400000000000006}]},{"name":"Canons Park ","groundLevel":65,"stationLines":[{"name":"Jubilee","northOrEastbound":70.1,"southOrWestbound":70.1}]},{"name":"Chalfont & Latimer ","groundLevel":122,"stationLines":[{"name":"Metropolitan","northOrEastbound":120.69999999999999,"southOrWestbound":120.69999999999999}]},{"name":"Chalk Farm ","groundLevel":32,"stationLines":[{"name":"Northern","northOrEastbound":18.200000000000003,"southOrWestbound":19}]},{"name":"Chancery Lane ","groundLevel":20,"stationLines":[{"name":"Central","northOrEastbound":0,"southOrWestbound":-4.400000000000006}]},{"name":"Charing Cross ","groundLevel":12,"stationLines":[{"name":"Bakerloo","northOrEastbound":-11.799999999999997,"southOrWestbound":-11.799999999999997},{"name":"Jubilee","northOrEastbound":-18.099999999999994,"southOrWestbound":-18.099999999999994},{"name":"Northern","northOrEastbound":-8.400000000000006,"southOrWestbound":-8.400000000000006}]},{"name":"Chesham ","groundLevel":110,"stationLines":[{"name":"Metropolitan","northOrEastbound":110.19999999999999,"southOrWestbound":null}]},{"name":"Chigwell ","groundLevel":44,"stationLines":[{"name":"Central","northOrEastbound":39,"southOrWestbound":39}]},{"name":"Chiswick Park ","groundLevel":10,"stationLines":[{"name":"District","northOrEastbound":13,"southOrWestbound":13}]},{"name":"Chorleywood ","groundLevel":89,"stationLines":[{"name":"Metropolitan","northOrEastbound":88.30000000000001,"southOrWestbound":88.30000000000001}]},{"name":"Clapham Common ","groundLevel":21,"stationLines":[{"name":"Northern","northOrEastbound":0.7999999999999972,"southOrWestbound":0.7999999999999972}]},{"name":"Clapham North ","groundLevel":13,"stationLines":[{"name":"Northern","northOrEastbound":-1.2999999999999972,"southOrWestbound":-1.2999999999999972}]},{"name":"Clapham South ","groundLevel":28,"stationLines":[{"name":"Northern","northOrEastbound":10.099999999999994,"southOrWestbound":10.099999999999994}]},{"name":"Cockfosters ","groundLevel":98,"stationLines":[{"name":"Piccadilly","northOrEastbound":94,"southOrWestbound":94}]},{"name":"Colindale ","groundLevel":49,"stationLines":[{"name":"Northern","northOrEastbound":44,"southOrWestbound":44}]},{"name":"Colliers Wood ","groundLevel":12,"stationLines":[{"name":"Northern","northOrEastbound":-1.0999999999999943,"southOrWestbound":-1.0999999999999943}]},{"name":"Covent Garden ","groundLevel":23,"stationLines":[{"name":"Piccadilly","northOrEastbound":-14,"southOrWestbound":-14}]},{"name":"Croxley ","groundLevel":72,"stationLines":[{"name":"Metropolitan","northOrEastbound":65.4,"southOrWestbound":65.4}]},{"name":"Dagenham East ","groundLevel":10,"stationLines":[{"name":"District","northOrEastbound":6.400000000000006,"southOrWestbound":6.400000000000006}]},{"name":"Dagenham Heathway ","groundLevel":11,"stationLines":[{"name":"District","northOrEastbound":6.200000000000003,"southOrWestbound":6.200000000000003}]},{"name":"Debden ","groundLevel":37,"stationLines":[{"name":"Central","northOrEastbound":36.400000000000006,"southOrWestbound":36.400000000000006}]},{"name":"Dollis Hill ","groundLevel":37,"stationLines":[{"name":"Jubilee","northOrEastbound":39.400000000000006,"southOrWestbound":39.400000000000006}]},{"name":"Ealing Broadway ","groundLevel":33,"stationLines":[{"name":"Central","northOrEastbound":27.900000000000006,"southOrWestbound":27.900000000000006},{"name":"District","northOrEastbound":27.900000000000006,"southOrWestbound":27.900000000000006}]},{"name":"Ealing Common ","groundLevel":29,"stationLines":[{"name":"District","northOrEastbound":24,"southOrWestbound":24}]},{"name":"Earls Court ","groundLevel":8,"stationLines":[{"name":"District","northOrEastbound":2.200000000000003,"southOrWestbound":2.200000000000003},{"name":"Piccadilly","northOrEastbound":-12.599999999999994,"southOrWestbound":-12.599999999999994}]},{"name":"East Acton ","groundLevel":12,"stationLines":[{"name":"Central","northOrEastbound":17.900000000000006,"southOrWestbound":17.900000000000006}]},{"name":"East Finchley ","groundLevel":83,"stationLines":[{"name":"Northern","northOrEastbound":87.4,"southOrWestbound":87.4}]},{"name":"East Ham ","groundLevel":11,"stationLines":[{"name":"District","northOrEastbound":5.700000000000003,"southOrWestbound":5.700000000000003}]},{"name":"East Putney ","groundLevel":17,"stationLines":[{"name":"District","northOrEastbound":25,"southOrWestbound":25}]},{"name":"Eastcote ","groundLevel":53,"stationLines":[{"name":"Metropolitan","northOrEastbound":48.099999999999994,"southOrWestbound":48.099999999999994}]},{"name":"Edgware ","groundLevel":59,"stationLines":[{"name":"Northern","northOrEastbound":54.599999999999994,"southOrWestbound":54.599999999999994}]},{"name":"Edgware Road (Bakerloo)","groundLevel":32,"stationLines":[{"name":"Bakerloo","northOrEastbound":7.099999999999994,"southOrWestbound":7.099999999999994}]},{"name":"\"Edgware Road (Circle","groundLevel":null,"stationLines":[{"name":"Bakerloo","northOrEastbound":null,"southOrWestbound":-70},{"name":"Hammersmith & City","northOrEastbound":24.799999999999997,"southOrWestbound":24.799999999999997},{"name":"Jubilee","northOrEastbound":24.799999999999997,"southOrWestbound":24.799999999999997}]},{"name":"Elephant & Castle ","groundLevel":3,"stationLines":[{"name":"Bakerloo","northOrEastbound":-19.799999999999997,"southOrWestbound":-19.799999999999997},{"name":"Northern","northOrEastbound":-15.400000000000006,"southOrWestbound":-15.299999999999997}]},{"name":"Elm Park ","groundLevel":18,"stationLines":[{"name":"District","northOrEastbound":12.299999999999997,"southOrWestbound":12.299999999999997}]},{"name":"Embankment ","groundLevel":5,"stationLines":[{"name":"Bakerloo","northOrEastbound":-14.900000000000006,"southOrWestbound":-14.900000000000006},{"name":"District","northOrEastbound":-0.4000000000000057,"southOrWestbound":-0.4000000000000057},{"name":"Northern","northOrEastbound":-11.400000000000006,"southOrWestbound":-11.200000000000003}]},{"name":"Epping ","groundLevel":81,"stationLines":[{"name":"Central","northOrEastbound":79.5,"southOrWestbound":79.5}]},{"name":"Euston City Branch","groundLevel":25,"stationLines":[{"name":"Northern","northOrEastbound":-8.099999999999994,"southOrWestbound":-7.400000000000006},{"name":"Victoria","northOrEastbound":-7.5,"southOrWestbound":-7.5}]},{"name":"Euston Charing X Branch","groundLevel":25,"stationLines":[{"name":"Northern","northOrEastbound":3.5999999999999943,"southOrWestbound":3.5999999999999943}]},{"name":"Euston Square ","groundLevel":25,"stationLines":[{"name":"Hammersmith & City","northOrEastbound":18.099999999999994,"southOrWestbound":18.099999999999994},{"name":"Metropolitan","northOrEastbound":18.099999999999994,"southOrWestbound":18.099999999999994}]},{"name":"Fairlop ","groundLevel":30,"stationLines":[{"name":"Central","northOrEastbound":35.19999999999999,"southOrWestbound":35.19999999999999}]},{"name":"Farringdon ","groundLevel":11,"stationLines":[{"name":"Metropolitan","northOrEastbound":6.5,"southOrWestbound":6.5}]},{"name":"Finchley Central ","groundLevel":87,"stationLines":[{"name":"Northern","northOrEastbound":78.5,"southOrWestbound":78.5}]},{"name":"Finchley Road ","groundLevel":52,"stationLines":[{"name":"Jubilee","northOrEastbound":48.69999999999999,"southOrWestbound":48.69999999999999}]},{"name":"Finsbury Park ","groundLevel":32,"stationLines":[{"name":"Piccadilly","northOrEastbound":23.900000000000006,"southOrWestbound":23.900000000000006},{"name":"Victoria","northOrEastbound":23.5,"southOrWestbound":23.400000000000006}]},{"name":"Fulham Broadway ","groundLevel":4,"stationLines":[{"name":"District","northOrEastbound":-1.2999999999999972,"southOrWestbound":-1.2999999999999972}]},{"name":"Gants Hill ","groundLevel":25,"stationLines":[{"name":"Central","northOrEastbound":7,"southOrWestbound":10.099999999999994}]},{"name":"Gloucester Road ","groundLevel":7,"stationLines":[{"name":"Piccadilly","northOrEastbound":-12.599999999999994,"southOrWestbound":-12.599999999999994}]},{"name":"Golders Green ","groundLevel":70,"stationLines":[{"name":"Northern","northOrEastbound":73.1,"southOrWestbound":73.1}]},{"name":"Goldhawk Road ","groundLevel":5,"stationLines":[{"name":"Hammersmith & City","northOrEastbound":11,"southOrWestbound":11}]},{"name":"Goodge Street ","groundLevel":27,"stationLines":[{"name":"Northern","northOrEastbound":-1.9000000000000057,"southOrWestbound":-1.9000000000000057}]},{"name":"Grange Hill ","groundLevel":55,"stationLines":[{"name":"Central","northOrEastbound":48.80000000000001,"southOrWestbound":48.80000000000001}]},{"name":"Great Portland Street ","groundLevel":29,"stationLines":[{"name":"Metropolitan","northOrEastbound":21.400000000000006,"southOrWestbound":21.400000000000006}]},{"name":"Green Park ","groundLevel":18,"stationLines":[{"name":"Jubilee","northOrEastbound":-13,"southOrWestbound":-13},{"name":"Piccadilly","northOrEastbound":-8.5,"southOrWestbound":-8.5},{"name":"Victoria","northOrEastbound":-5.5,"southOrWestbound":-4.700000000000003}]},{"name":"Greenford ","groundLevel":22,"stationLines":[{"name":"Central","northOrEastbound":32.19999999999999,"southOrWestbound":32.19999999999999}]},{"name":"Gunnersbury ","groundLevel":10,"stationLines":[{"name":"District","northOrEastbound":6,"southOrWestbound":6}]},{"name":"Hainault ","groundLevel":36,"stationLines":[{"name":"Central","northOrEastbound":41.19999999999999,"southOrWestbound":41.19999999999999}]},{"name":"Hammersmith  ","groundLevel":5,"stationLines":[{"name":"Hammersmith & City","northOrEastbound":4.400000000000006,"southOrWestbound":4.400000000000006}]},{"name":"Hammersmith  (District)","groundLevel":5,"stationLines":[{"name":"District","northOrEastbound":0.4000000000000057,"southOrWestbound":0.4000000000000057},{"name":"Piccadilly","northOrEastbound":0.4000000000000057,"southOrWestbound":0.4000000000000057}]},{"name":"Hampstead ","groundLevel":108,"stationLines":[{"name":"Northern","northOrEastbound":49.099999999999994,"southOrWestbound":49.900000000000006}]},{"name":"Hanger Lane ","groundLevel":40,"stationLines":[{"name":"Central","northOrEastbound":31.900000000000006,"southOrWestbound":31.900000000000006}]},{"name":"Harlesden ","groundLevel":38,"stationLines":[{"name":"Piccadilly","northOrEastbound":31.80000000000001,"southOrWestbound":31.80000000000001}]},{"name":"Harrow & Wealdstone ","groundLevel":52,"stationLines":[{"name":"Piccadilly","northOrEastbound":54.19999999999999,"southOrWestbound":54.19999999999999}]},{"name":"Harrow On The Hill ","groundLevel":69,"stationLines":[{"name":"Metropolitan","northOrEastbound":67.1,"southOrWestbound":67.1}]},{"name":"Hatton Cross ","groundLevel":22,"stationLines":[{"name":"Piccadilly","northOrEastbound":null,"southOrWestbound":13.400000000000006}]},{"name":"\"Heathrow Airport Terminal 1","groundLevel":null,"stationLines":[{"name":"Bakerloo","northOrEastbound":-77,"southOrWestbound":null},{"name":"Victoria","northOrEastbound":9.599999999999994,"southOrWestbound":null}]},{"name":"Heathrow Terminal 4 ","groundLevel":23,"stationLines":[{"name":"Piccadilly","northOrEastbound":null,"southOrWestbound":12.900000000000006}]},{"name":"Heathrow Terminal 5","groundLevel":23,"stationLines":[{"name":"Piccadilly","northOrEastbound":10.299999999999997,"southOrWestbound":10.299999999999997}]},{"name":"Hendon Central ","groundLevel":64,"stationLines":[{"name":"Northern","northOrEastbound":61.5,"southOrWestbound":61.5}]},{"name":"High Barnet ","groundLevel":111,"stationLines":[{"name":"Northern","northOrEastbound":98.4,"southOrWestbound":98.4}]},{"name":"High Street Kensington ","groundLevel":13,"stationLines":[{"name":"District","northOrEastbound":7.299999999999997,"southOrWestbound":7.299999999999997}]},{"name":"Highbury & Islington ","groundLevel":34,"stationLines":[{"name":"Victoria","northOrEastbound":17.799999999999997,"southOrWestbound":17.900000000000006}]},{"name":"Highgate ","groundLevel":100,"stationLines":[{"name":"Northern","northOrEastbound":62.69999999999999,"southOrWestbound":62.69999999999999}]},{"name":"Hillingdon ","groundLevel":36,"stationLines":[{"name":"Metropolitan","northOrEastbound":36.69999999999999,"southOrWestbound":36.69999999999999}]},{"name":"Holborn ","groundLevel":23,"stationLines":[{"name":"Central","northOrEastbound":-3.200000000000003,"southOrWestbound":-3.299999999999997},{"name":"Piccadilly","northOrEastbound":-11.700000000000003,"southOrWestbound":-18.099999999999994}]},{"name":"Holland Park ","groundLevel":14,"stationLines":[{"name":"Central","northOrEastbound":-4.799999999999997,"southOrWestbound":-4.799999999999997}]},{"name":"Holloway Road ","groundLevel":29,"stationLines":[{"name":"Piccadilly","northOrEastbound":15.400000000000006,"southOrWestbound":15.400000000000006}]},{"name":"Hornchurch ","groundLevel":24,"stationLines":[{"name":"District","northOrEastbound":18.200000000000003,"southOrWestbound":18.200000000000003}]},{"name":"Hounslow Central ","groundLevel":20,"stationLines":[{"name":"Piccadilly","northOrEastbound":24.900000000000006,"southOrWestbound":24.900000000000006}]},{"name":"Hounslow East ","groundLevel":20,"stationLines":[{"name":"Piccadilly","northOrEastbound":25.799999999999997,"southOrWestbound":25.799999999999997}]},{"name":"Hounslow West ","groundLevel":23,"stationLines":[{"name":"Piccadilly","northOrEastbound":17.700000000000003,"southOrWestbound":17.700000000000003}]},{"name":"Hyde Park Corner ","groundLevel":16,"stationLines":[{"name":"Piccadilly","northOrEastbound":-11.099999999999994,"southOrWestbound":-11.099999999999994}]},{"name":"Ickenham ","groundLevel":43,"stationLines":[{"name":"Metropolitan","northOrEastbound":38.099999999999994,"southOrWestbound":38.099999999999994}]},{"name":"Kennington City Branch","groundLevel":3,"stationLines":[{"name":"Northern","northOrEastbound":-12.900000000000006,"southOrWestbound":-15.599999999999994}]},{"name":"Kennington Charing X Branch","groundLevel":3,"stationLines":[{"name":"Northern","northOrEastbound":-13.099999999999994,"southOrWestbound":-15.400000000000006}]},{"name":"Kensal Green ","groundLevel":42,"stationLines":[{"name":"Piccadilly","northOrEastbound":35.400000000000006,"southOrWestbound":35.400000000000006}]},{"name":"Kensington ( Olympia ) ","groundLevel":4,"stationLines":[{"name":"District","northOrEastbound":2.0999999999999943,"southOrWestbound":2.0999999999999943}]},{"name":"Kentish Town ","groundLevel":37,"stationLines":[{"name":"Northern","northOrEastbound":15.900000000000006,"southOrWestbound":12.900000000000006}]},{"name":"Kenton ","groundLevel":56,"stationLines":[{"name":"Piccadilly","northOrEastbound":49.400000000000006,"southOrWestbound":49.400000000000006}]},{"name":"Kew Gardens ","groundLevel":8,"stationLines":[{"name":"District","northOrEastbound":6,"southOrWestbound":6}]},{"name":"Kilburn ","groundLevel":45,"stationLines":[{"name":"Jubilee","northOrEastbound":52.19999999999999,"southOrWestbound":52.19999999999999}]},{"name":"Kilburn Park ","groundLevel":27,"stationLines":[{"name":"Bakerloo","northOrEastbound":19.5,"southOrWestbound":19.5}]},{"name":"King's Cross St Pancras","groundLevel":17,"stationLines":[{"name":"Metropolitan","northOrEastbound":9.099999999999994,"southOrWestbound":9.099999999999994},{"name":"Northern","northOrEastbound":-11.099999999999994,"southOrWestbound":-11.099999999999994},{"name":"Piccadilly","northOrEastbound":-5.599999999999994,"southOrWestbound":-5.599999999999994},{"name":"Victoria","northOrEastbound":-0.09999999999999432,"southOrWestbound":-0.09999999999999432}]},{"name":"Kingsbury ","groundLevel":43,"stationLines":[{"name":"Jubilee","northOrEastbound":38.30000000000001,"southOrWestbound":38.30000000000001}]},{"name":"Knightsbridge ","groundLevel":9,"stationLines":[{"name":"Piccadilly","northOrEastbound":-13.299999999999997,"southOrWestbound":-13.299999999999997}]},{"name":"Ladbroke Grove ","groundLevel":14,"stationLines":[{"name":"Hammersmith & City","northOrEastbound":19.400000000000006,"southOrWestbound":19.400000000000006}]},{"name":"Lambeth North ","groundLevel":3,"stationLines":[{"name":"Bakerloo","northOrEastbound":-13.299999999999997,"southOrWestbound":-13.700000000000003}]},{"name":"Lancaster Gate ","groundLevel":18,"stationLines":[{"name":"Central","northOrEastbound":2.5,"southOrWestbound":2.5}]},{"name":"Latimer Road ","groundLevel":8,"stationLines":[{"name":"Hammersmith & City","northOrEastbound":14,"southOrWestbound":14}]},{"name":"Leicester Square ","groundLevel":20,"stationLines":[{"name":"Northern","northOrEastbound":-6.5,"southOrWestbound":-6.5},{"name":"Piccadilly","northOrEastbound":-13.200000000000003,"southOrWestbound":-13.200000000000003}]},{"name":"Leyton ","groundLevel":15,"stationLines":[{"name":"Central","northOrEastbound":10,"southOrWestbound":10}]},{"name":"Leytonstone ","groundLevel":23.2,"stationLines":[{"name":"Central","northOrEastbound":23.099999999999994,"southOrWestbound":23.099999999999994}]},{"name":"Liverpool Street ","groundLevel":14,"stationLines":[{"name":"Central","northOrEastbound":-7.5,"southOrWestbound":-7.5},{"name":"Metropolitan","northOrEastbound":7.400000000000006,"southOrWestbound":7.400000000000006}]},{"name":"London Bridge ","groundLevel":4,"stationLines":[{"name":"Jubilee","northOrEastbound":-23.200000000000003,"southOrWestbound":-23.200000000000003},{"name":"Northern","northOrEastbound":-19.599999999999994,"southOrWestbound":-19.599999999999994}]},{"name":"Loughton ","groundLevel":27,"stationLines":[{"name":"Central","northOrEastbound":29.599999999999994,"southOrWestbound":29.599999999999994}]},{"name":"Maida Vale ","groundLevel":31,"stationLines":[{"name":"Bakerloo","northOrEastbound":16.599999999999994,"southOrWestbound":16.599999999999994}]},{"name":"Manor House ","groundLevel":38,"stationLines":[{"name":"Piccadilly","northOrEastbound":19.5,"southOrWestbound":19.5}]},{"name":"Mansion House ","groundLevel":14,"stationLines":[{"name":"District","northOrEastbound":5,"southOrWestbound":5}]},{"name":"Marble Arch ","groundLevel":27,"stationLines":[{"name":"Central","northOrEastbound":1.4000000000000057,"southOrWestbound":1.4000000000000057}]},{"name":"Marylebone ","groundLevel":29,"stationLines":[{"name":"Bakerloo","northOrEastbound":6.400000000000006,"southOrWestbound":6.400000000000006}]},{"name":"Mile End ","groundLevel":12,"stationLines":[{"name":"Central","northOrEastbound":4.799999999999997,"southOrWestbound":4.900000000000006},{"name":"District","northOrEastbound":4.700000000000003,"southOrWestbound":4.700000000000003}]},{"name":"Mill Hill East ","groundLevel":65,"stationLines":[{"name":"Northern","northOrEastbound":70.80000000000001,"southOrWestbound":70.80000000000001}]},{"name":"Monument ","groundLevel":14.3,"stationLines":[{"name":"District","northOrEastbound":6.200000000000003,"southOrWestbound":6.200000000000003}]},{"name":"Moor Park ","groundLevel":57,"stationLines":[{"name":"Metropolitan","northOrEastbound":61.5,"southOrWestbound":61.5}]},{"name":"Moorgate ","groundLevel":14,"stationLines":[{"name":"Metropolitan","northOrEastbound":8.5,"southOrWestbound":8.5},{"name":"Northern","northOrEastbound":-11.299999999999997,"southOrWestbound":-11.200000000000003}]},{"name":"Morden ","groundLevel":18,"stationLines":[{"name":"Northern","northOrEastbound":13.599999999999994,"southOrWestbound":13.599999999999994}]},{"name":"Mornington Crescent ","groundLevel":24,"stationLines":[{"name":"Northern","northOrEastbound":8.700000000000003,"southOrWestbound":8.700000000000003}]},{"name":"Neasden ","groundLevel":38,"stationLines":[{"name":"Jubilee","northOrEastbound":32.19999999999999,"southOrWestbound":32.19999999999999}]},{"name":"New Cross ","groundLevel":11,"stationLines":[]},{"name":"New Cross Gate ","groundLevel":13,"stationLines":[]},{"name":"Newbury Park ","groundLevel":19,"stationLines":[{"name":"Central","northOrEastbound":17,"southOrWestbound":17}]},{"name":"North Acton ","groundLevel":33,"stationLines":[{"name":"Central","northOrEastbound":24.400000000000006,"southOrWestbound":24.400000000000006}]},{"name":"North Ealing ","groundLevel":36,"stationLines":[{"name":"Piccadilly","northOrEastbound":32.5,"southOrWestbound":32.5}]},{"name":"North Greenwich ","groundLevel":2,"stationLines":[{"name":"Jubilee","northOrEastbound":-13.5,"southOrWestbound":-13.5}]},{"name":"North Harrow ","groundLevel":51,"stationLines":[{"name":"Metropolitan","northOrEastbound":57,"southOrWestbound":57}]},{"name":"North Wembley ","groundLevel":48,"stationLines":[{"name":"Piccadilly","northOrEastbound":42,"southOrWestbound":42}]},{"name":"Northfields ","groundLevel":24,"stationLines":[{"name":"Piccadilly","northOrEastbound":19.299999999999997,"southOrWestbound":19.299999999999997}]},{"name":"Northolt ","groundLevel":43,"stationLines":[{"name":"Central","northOrEastbound":37.80000000000001,"southOrWestbound":37.80000000000001}]},{"name":"Northwick Park ","groundLevel":56,"stationLines":[{"name":"Metropolitan","northOrEastbound":57.900000000000006,"southOrWestbound":57.900000000000006}]},{"name":"Northwood ","groundLevel":77,"stationLines":[{"name":"Metropolitan","northOrEastbound":71.6,"southOrWestbound":71.6}]},{"name":"Northwood Hills ","groundLevel":71,"stationLines":[{"name":"Metropolitan","northOrEastbound":65,"southOrWestbound":65}]},{"name":"Notting Hill Gate ","groundLevel":28,"stationLines":[{"name":"Central","northOrEastbound":-2.9000000000000057,"southOrWestbound":2.5999999999999943},{"name":"District","northOrEastbound":19.400000000000006,"southOrWestbound":19.400000000000006}]},{"name":"Oakwood ","groundLevel":88,"stationLines":[{"name":"Piccadilly","northOrEastbound":81.80000000000001,"southOrWestbound":81.80000000000001}]},{"name":"Old Street ","groundLevel":17,"stationLines":[{"name":"Northern","northOrEastbound":-8,"southOrWestbound":-8}]},{"name":"Osterley ","groundLevel":30,"stationLines":[{"name":"Piccadilly","northOrEastbound":24.200000000000003,"southOrWestbound":24.200000000000003}]},{"name":"Oval ","groundLevel":4,"stationLines":[{"name":"Northern","northOrEastbound":-10.099999999999994,"southOrWestbound":-13.299999999999997}]},{"name":"Oxford Circus ","groundLevel":27,"stationLines":[{"name":"Bakerloo","northOrEastbound":4.700000000000003,"southOrWestbound":4.700000000000003},{"name":"Central","northOrEastbound":0.5999999999999943,"southOrWestbound":0.5999999999999943},{"name":"Victoria","northOrEastbound":4.099999999999994,"southOrWestbound":4.099999999999994}]},{"name":"Paddington ","groundLevel":25,"stationLines":[{"name":"Bakerloo","northOrEastbound":9.299999999999997,"southOrWestbound":9.299999999999997},{"name":"District","northOrEastbound":18.799999999999997,"southOrWestbound":18.799999999999997},{"name":"Hammersmith & City","northOrEastbound":22.400000000000006,"southOrWestbound":22.400000000000006}]},{"name":"Park Royal ","groundLevel":47,"stationLines":[{"name":"Piccadilly","northOrEastbound":42.19999999999999,"southOrWestbound":42.19999999999999}]},{"name":"Parsons Green ","groundLevel":3,"stationLines":[{"name":"District","northOrEastbound":8,"southOrWestbound":8}]},{"name":"Perivale ","groundLevel":20,"stationLines":[{"name":"Central","northOrEastbound":26.599999999999994,"southOrWestbound":26.599999999999994}]},{"name":"Piccadilly Circus ","groundLevel":19,"stationLines":[{"name":"Bakerloo","northOrEastbound":-6.200000000000003,"southOrWestbound":-6.200000000000003},{"name":"Piccadilly","northOrEastbound":-13.200000000000003,"southOrWestbound":-13.200000000000003}]},{"name":"Pimlico ","groundLevel":5,"stationLines":[{"name":"Victoria","northOrEastbound":-16.099999999999994,"southOrWestbound":-16.099999999999994}]},{"name":"Pinner ","groundLevel":54,"stationLines":[{"name":"Metropolitan","northOrEastbound":53.5,"southOrWestbound":53.5}]},{"name":"Plaistow ","groundLevel":9,"stationLines":[{"name":"District","northOrEastbound":2.4000000000000057,"southOrWestbound":2.4000000000000057}]},{"name":"Preston Road ","groundLevel":45,"stationLines":[{"name":"Metropolitan","northOrEastbound":41.099999999999994,"southOrWestbound":41.099999999999994}]},{"name":"Putney Bridge ","groundLevel":4,"stationLines":[{"name":"District","northOrEastbound":11,"southOrWestbound":11}]},{"name":"Queens Park ","groundLevel":38,"stationLines":[{"name":"Piccadilly","northOrEastbound":32.400000000000006,"southOrWestbound":32.400000000000006}]},{"name":"Queensbury ","groundLevel":48,"stationLines":[{"name":"Jubilee","northOrEastbound":51.19999999999999,"southOrWestbound":51.19999999999999}]},{"name":"Queensway ","groundLevel":27,"stationLines":[{"name":"Central","northOrEastbound":3.0999999999999943,"southOrWestbound":3.0999999999999943}]},{"name":"Ravenscourt Park ","groundLevel":5,"stationLines":[{"name":"District","northOrEastbound":11,"southOrWestbound":11}]},{"name":"Rayners Lane ","groundLevel":55,"stationLines":[{"name":"Metropolitan","northOrEastbound":48.80000000000001,"southOrWestbound":48.80000000000001}]},{"name":"Redbridge ","groundLevel":12,"stationLines":[{"name":"Central","northOrEastbound":6.700000000000003,"southOrWestbound":6.900000000000006}]},{"name":"Regent's Park ","groundLevel":28,"stationLines":[{"name":"Bakerloo","northOrEastbound":4.200000000000003,"southOrWestbound":2.200000000000003}]},{"name":"Richmond ","groundLevel":8,"stationLines":[{"name":"District","northOrEastbound":7,"southOrWestbound":null}]},{"name":"Rickmansworth ","groundLevel":58,"stationLines":[{"name":"Metropolitan","northOrEastbound":57.599999999999994,"southOrWestbound":57.599999999999994}]},{"name":"Roding Valley ","groundLevel":31,"stationLines":[{"name":"Central","northOrEastbound":31.19999999999999,"southOrWestbound":31.19999999999999}]},{"name":"Rotherhithe ","groundLevel":2,"stationLines":[]},{"name":"Royal Oak ","groundLevel":27,"stationLines":[{"name":"Hammersmith & City","northOrEastbound":21,"southOrWestbound":21}]},{"name":"Ruislip ","groundLevel":46,"stationLines":[{"name":"Metropolitan","northOrEastbound":45.599999999999994,"southOrWestbound":45.599999999999994}]},{"name":"Ruislip Gardens ","groundLevel":37,"stationLines":[{"name":"Central","northOrEastbound":41.5,"southOrWestbound":41.5}]},{"name":"Ruislip Manor ","groundLevel":44,"stationLines":[{"name":"Metropolitan","northOrEastbound":49.599999999999994,"southOrWestbound":49.599999999999994}]},{"name":"Russell Square ","groundLevel":23,"stationLines":[{"name":"Piccadilly","northOrEastbound":-10.200000000000003,"southOrWestbound":-10.200000000000003}]},{"name":"Seven Sisters ","groundLevel":11,"stationLines":[{"name":"Victoria","northOrEastbound":-7,"southOrWestbound":-7}]},{"name":"Shadwell ","groundLevel":11,"stationLines":[]},{"name":"Shepherd's Bush  (Central)","groundLevel":6,"stationLines":[{"name":"Central","northOrEastbound":-10.200000000000003,"southOrWestbound":-10.200000000000003}]},{"name":"Shepherd's Bush Market (Hammersmith & City)","groundLevel":6,"stationLines":[{"name":"Hammersmith & City","northOrEastbound":11.900000000000006,"southOrWestbound":11.900000000000006}]},{"name":"Shoreditch ","groundLevel":13,"stationLines":[]},{"name":"Sloane Square ","groundLevel":6,"stationLines":[{"name":"District","northOrEastbound":-2.4000000000000057,"southOrWestbound":-2.4000000000000057}]},{"name":"Snaresbrook ","groundLevel":22,"stationLines":[{"name":"Central","northOrEastbound":27.400000000000006,"southOrWestbound":27.400000000000006}]},{"name":"South Ealing ","groundLevel":24,"stationLines":[{"name":"Piccadilly","northOrEastbound":20.299999999999997,"southOrWestbound":20.299999999999997}]},{"name":"South Harrow ","groundLevel":61,"stationLines":[{"name":"Piccadilly","northOrEastbound":66.80000000000001,"southOrWestbound":66.80000000000001}]},{"name":"South Kensington ","groundLevel":7,"stationLines":[{"name":"Piccadilly","northOrEastbound":-10.900000000000006,"southOrWestbound":-16.5}]},{"name":"South Kenton ","groundLevel":43,"stationLines":[{"name":"Piccadilly","northOrEastbound":46.400000000000006,"southOrWestbound":46.400000000000006}]},{"name":"South Ruislip ","groundLevel":37,"stationLines":[{"name":"Central","northOrEastbound":41.400000000000006,"southOrWestbound":41.400000000000006}]},{"name":"South Wimbledon ","groundLevel":14,"stationLines":[{"name":"Northern","northOrEastbound":1.2999999999999972,"southOrWestbound":1.2999999999999972}]},{"name":"South Woodford ","groundLevel":28,"stationLines":[{"name":"Central","northOrEastbound":28.80000000000001,"southOrWestbound":28.80000000000001}]},{"name":"Southfields ","groundLevel":23,"stationLines":[{"name":"District","northOrEastbound":17,"southOrWestbound":17}]},{"name":"Southgate ","groundLevel":71,"stationLines":[{"name":"Piccadilly","northOrEastbound":60.19999999999999,"southOrWestbound":60.19999999999999}]},{"name":"Southwark ","groundLevel":4,"stationLines":[{"name":"Jubilee","northOrEastbound":-20.5,"southOrWestbound":-20.5}]},{"name":"St James's Park ","groundLevel":4,"stationLines":[{"name":"District","northOrEastbound":-1.7999999999999972,"southOrWestbound":-1.7999999999999972}]},{"name":"St John's Wood ","groundLevel":49,"stationLines":[{"name":"Jubilee","northOrEastbound":31.69999999999999,"southOrWestbound":31.19999999999999}]},{"name":"St Pauls' ","groundLevel":17,"stationLines":[{"name":"Central","northOrEastbound":-10.099999999999994,"southOrWestbound":-4.700000000000003}]},{"name":"Stamford Brook ","groundLevel":5,"stationLines":[{"name":"District","northOrEastbound":11.400000000000006,"southOrWestbound":11.400000000000006}]},{"name":"Stanmore ","groundLevel":85,"stationLines":[{"name":"Jubilee","northOrEastbound":76.80000000000001,"southOrWestbound":76.80000000000001}]},{"name":"Stepney Green ","groundLevel":10,"stationLines":[{"name":"District","northOrEastbound":2.799999999999997,"southOrWestbound":2.799999999999997}]},{"name":"Stockwell ","groundLevel":6,"stationLines":[{"name":"Northern","northOrEastbound":-7.799999999999997,"southOrWestbound":-7.599999999999994},{"name":"Victoria","northOrEastbound":-7.799999999999997,"southOrWestbound":-7.599999999999994}]},{"name":"Stonebridge Park ","groundLevel":24,"stationLines":[{"name":"Piccadilly","northOrEastbound":31.5,"southOrWestbound":31.5}]},{"name":"Stratford ","groundLevel":4,"stationLines":[{"name":"Central","northOrEastbound":7.200000000000003,"southOrWestbound":7.200000000000003},{"name":"Jubilee","northOrEastbound":4,"southOrWestbound":4}]},{"name":"Sudbury Hill ","groundLevel":60,"stationLines":[{"name":"Piccadilly","northOrEastbound":54.19999999999999,"southOrWestbound":54.19999999999999}]},{"name":"Sudbury Town ","groundLevel":48,"stationLines":[{"name":"Piccadilly","northOrEastbound":47.599999999999994,"southOrWestbound":47.599999999999994}]},{"name":"Surrey Quays ","groundLevel":2,"stationLines":[]},{"name":"Swiss Cottage ","groundLevel":57,"stationLines":[{"name":"Jubilee","northOrEastbound":40.099999999999994,"southOrWestbound":40.099999999999994}]},{"name":"Temple ","groundLevel":5,"stationLines":[{"name":"District","northOrEastbound":-0.7999999999999972,"southOrWestbound":-0.7999999999999972}]},{"name":"Theydon Bois ","groundLevel":54,"stationLines":[{"name":"Central","northOrEastbound":53.099999999999994,"southOrWestbound":53.099999999999994}]},{"name":"Tooting Bec ","groundLevel":28,"stationLines":[{"name":"Northern","northOrEastbound":11.599999999999994,"southOrWestbound":11.599999999999994}]},{"name":"Tooting Broadway ","groundLevel":16,"stationLines":[{"name":"Northern","northOrEastbound":3.200000000000003,"southOrWestbound":3.200000000000003}]},{"name":"Tottenham Court Road ","groundLevel":25,"stationLines":[{"name":"Central","northOrEastbound":0.20000000000000284,"southOrWestbound":0.20000000000000284},{"name":"Northern","northOrEastbound":-5.700000000000003,"southOrWestbound":-5.700000000000003}]},{"name":"Tottenham Hale ","groundLevel":11,"stationLines":[{"name":"Victoria","northOrEastbound":-8.200000000000003,"southOrWestbound":-8.299999999999997}]},{"name":"Totteridge ","groundLevel":75,"stationLines":[{"name":"Northern","northOrEastbound":73.80000000000001,"southOrWestbound":73.80000000000001}]},{"name":"Tower Hill ","groundLevel":14,"stationLines":[{"name":"District","northOrEastbound":6.900000000000006,"southOrWestbound":7}]},{"name":"Tufnell Park ","groundLevel":44,"stationLines":[{"name":"Northern","northOrEastbound":25,"southOrWestbound":21.599999999999994}]},{"name":"Turnham Green ","groundLevel":5,"stationLines":[{"name":"District","northOrEastbound":10.900000000000006,"southOrWestbound":10.900000000000006}]},{"name":"Turnpike Lane ","groundLevel":21,"stationLines":[{"name":"Piccadilly","northOrEastbound":6.299999999999997,"southOrWestbound":6.299999999999997}]},{"name":"Upminster ","groundLevel":28,"stationLines":[{"name":"District","northOrEastbound":19.200000000000003,"southOrWestbound":19.200000000000003}]},{"name":"Upminster Bridge ","groundLevel":15,"stationLines":[{"name":"District","northOrEastbound":19.299999999999997,"southOrWestbound":19.299999999999997}]},{"name":"Upney ","groundLevel":12,"stationLines":[{"name":"District","northOrEastbound":6.299999999999997,"southOrWestbound":6.299999999999997}]},{"name":"Upton Park ","groundLevel":11,"stationLines":[{"name":"District","northOrEastbound":5.299999999999997,"southOrWestbound":5.299999999999997}]},{"name":"Uxbridge ","groundLevel":40,"stationLines":[{"name":"Metropolitan","northOrEastbound":40.099999999999994,"southOrWestbound":40.099999999999994}]},{"name":"Vauxhall ","groundLevel":4,"stationLines":[{"name":"Victoria","northOrEastbound":-13.700000000000003,"southOrWestbound":-13.700000000000003}]},{"name":"Victoria ","groundLevel":4.6,"stationLines":[{"name":"District","northOrEastbound":-3,"southOrWestbound":-3},{"name":"Victoria","northOrEastbound":-14.799999999999997,"southOrWestbound":-14.799999999999997}]},{"name":"Walthamstow Central ","groundLevel":24,"stationLines":[{"name":"Victoria","northOrEastbound":6.900000000000006,"southOrWestbound":6.700000000000003}]},{"name":"Wanstead ","groundLevel":29,"stationLines":[{"name":"Central","northOrEastbound":9.700000000000003,"southOrWestbound":9.599999999999994}]},{"name":"Wapping ","groundLevel":4,"stationLines":[]},{"name":"Warren Street ","groundLevel":27,"stationLines":[{"name":"Northern","northOrEastbound":1.7000000000000028,"southOrWestbound":1.5999999999999943},{"name":"Victoria","northOrEastbound":-3.9000000000000057,"southOrWestbound":-3.9000000000000057}]},{"name":"Warwick Avenue ","groundLevel":27,"stationLines":[{"name":"Bakerloo","northOrEastbound":12.5,"southOrWestbound":12.5}]},{"name":"Waterloo ","groundLevel":4,"stationLines":[{"name":"Bakerloo","northOrEastbound":-14.900000000000006,"southOrWestbound":-11.799999999999997},{"name":"Jubilee","northOrEastbound":-26,"southOrWestbound":-26},{"name":"Northern","northOrEastbound":-17.200000000000003,"southOrWestbound":-17.200000000000003},{"name":"Waterloo & City","northOrEastbound":-1.7999999999999972,"southOrWestbound":-1.7999999999999972}]},{"name":"Watford ","groundLevel":70,"stationLines":[{"name":"Metropolitan","northOrEastbound":64.80000000000001,"southOrWestbound":64.80000000000001}]},{"name":"Wembley Central ","groundLevel":45,"stationLines":[{"name":"Piccadilly","northOrEastbound":38.5,"southOrWestbound":38.5}]},{"name":"Wembley Park ","groundLevel":41,"stationLines":[{"name":"Jubilee","northOrEastbound":36.69999999999999,"southOrWestbound":36.69999999999999}]},{"name":"West Acton ","groundLevel":33,"stationLines":[{"name":"Central","northOrEastbound":27.400000000000006,"southOrWestbound":27.400000000000006}]},{"name":"West Brompton ","groundLevel":7,"stationLines":[{"name":"District","northOrEastbound":2,"southOrWestbound":2.0999999999999943}]},{"name":"West Finchley ","groundLevel":78,"stationLines":[{"name":"Northern","northOrEastbound":77.30000000000001,"southOrWestbound":77.30000000000001}]},{"name":"West Ham ","groundLevel":1,"stationLines":[{"name":"District","northOrEastbound":4.700000000000003,"southOrWestbound":4.700000000000003},{"name":"Jubilee","northOrEastbound":1.2000000000000028,"southOrWestbound":1.2000000000000028}]},{"name":"West Hampstead ","groundLevel":56,"stationLines":[{"name":"Jubilee","northOrEastbound":50.5,"southOrWestbound":50.5}]},{"name":"West Harrow ","groundLevel":53,"stationLines":[{"name":"Metropolitan","northOrEastbound":57.5,"southOrWestbound":57.5}]},{"name":"West Kensington ","groundLevel":5,"stationLines":[{"name":"District","northOrEastbound":-0.5999999999999943,"southOrWestbound":-0.7000000000000028}]},{"name":"West Ruislip ","groundLevel":51,"stationLines":[{"name":"Central","northOrEastbound":45.099999999999994,"southOrWestbound":45.099999999999994}]},{"name":"Westbourne Park ","groundLevel":28,"stationLines":[{"name":"Hammersmith & City","northOrEastbound":22.5,"southOrWestbound":22.5}]},{"name":"Westminster ","groundLevel":6,"stationLines":[{"name":"District","northOrEastbound":-1,"southOrWestbound":-1},{"name":"Jubilee","northOrEastbound":-16,"southOrWestbound":-25.400000000000006}]},{"name":"White City ","groundLevel":7,"stationLines":[{"name":"Central","northOrEastbound":5,"southOrWestbound":5}]},{"name":"Whitechapel ","groundLevel":12,"stationLines":[{"name":"District","northOrEastbound":9.099999999999994,"southOrWestbound":9.099999999999994}]},{"name":"Willesden Green ","groundLevel":56,"stationLines":[{"name":"Jubilee","northOrEastbound":50.30000000000001,"southOrWestbound":50.30000000000001}]},{"name":"Willesden Junction ","groundLevel":40,"stationLines":[{"name":"Piccadilly","northOrEastbound":34.5,"southOrWestbound":34.5}]},{"name":"Wimbledon ","groundLevel":23,"stationLines":[{"name":"District","northOrEastbound":19.299999999999997,"southOrWestbound":19.299999999999997}]},{"name":"Wimbledon Park ","groundLevel":23,"stationLines":[{"name":"District","northOrEastbound":18.400000000000006,"southOrWestbound":18.400000000000006}]},{"name":"Wood Green ","groundLevel":25,"stationLines":[{"name":"Piccadilly","northOrEastbound":13.599999999999994,"southOrWestbound":13.599999999999994}]},{"name":"Wood Lane","groundLevel":6.7,"stationLines":[{"name":"Hammersmith & City","northOrEastbound":13.099999999999994,"southOrWestbound":13.099999999999994}]},{"name":"Woodford ","groundLevel":32,"stationLines":[{"name":"Central","northOrEastbound":31.099999999999994,"southOrWestbound":31.099999999999994}]},{"name":"Woodside Park ","groundLevel":76,"stationLines":[{"name":"Northern","northOrEastbound":74.30000000000001,"southOrWestbound":74.30000000000001}]},{"name":"","groundLevel":null,"stationLines":[]}]